<PAMDataset>
  <PAMRasterBand band="1">
    <Description>red</Description>
    <Metadata>
      <MDI key="STATISTICS_APPROXIMATE">YES</MDI>
      <MDI key="STATISTICS_MINIMUM">27</MDI>
      <MDI key="STATISTICS_MAXIMUM">228</MDI>
      <MDI key="STATISTICS_MEAN">125.16562527502</MDI>
      <MDI key="STATISTICS_STDDEV">28.997637871602</MDI>
      <MDI key="STATISTICS_VALID_PERCENT">62.14</MDI>
    </Metadata>
  </PAMRasterBand>
  <PAMRasterBand band="2">
    <Description>green</Description>
    <Metadata>
      <MDI key="STATISTICS_APPROXIMATE">YES</MDI>
      <MDI key="STATISTICS_MINIMUM">1</MDI>
      <MDI key="STATISTICS_MAXIMUM">203</MDI>
      <MDI key="STATISTICS_MEAN">103.62917656722</MDI>
      <MDI key="STATISTICS_STDDEV">23.578767327378</MDI>
      <MDI key="STATISTICS_VALID_PERCENT">62.14</MDI>
    </Metadata>
  </PAMRasterBand>
  <PAMRasterBand band="3">
    <Description>blue</Description>
    <Metadata>
      <MDI key="STATISTICS_APPROXIMATE">YES</MDI>
      <MDI key="STATISTICS_MINIMUM">1</MDI>
      <MDI key="STATISTICS_MAXIMUM">196</MDI>
      <MDI key="STATISTICS_MEAN">74.970136994338</MDI>
      <MDI key="STATISTICS_STDDEV">29.372360025042</MDI>
      <MDI key="STATISTICS_VALID_PERCENT">62.14</MDI>
    </Metadata>
  </PAMRasterBand>
</PAMDataset>
