<PAMDataset>
  <PAMRasterBand band="1">
    <Description>red</Description>
    <Metadata>
      <MDI key="STATISTICS_APPROXIMATE">YES</MDI>
      <MDI key="STATISTICS_MINIMUM">5</MDI>
      <MDI key="STATISTICS_MAXIMUM">223</MDI>
      <MDI key="STATISTICS_MEAN">79.625318830807</MDI>
      <MDI key="STATISTICS_STDDEV">30.748745393936</MDI>
      <MDI key="STATISTICS_VALID_PERCENT">62.18</MDI>
    </Metadata>
  </PAMRasterBand>
  <PAMRasterBand band="2">
    <Description>green</Description>
    <Metadata>
      <MDI key="STATISTICS_APPROXIMATE">YES</MDI>
      <MDI key="STATISTICS_MINIMUM">1</MDI>
      <MDI key="STATISTICS_MAXIMUM">216</MDI>
      <MDI key="STATISTICS_MEAN">87.324313231112</MDI>
      <MDI key="STATISTICS_STDDEV">22.547770617212</MDI>
      <MDI key="STATISTICS_VALID_PERCENT">62.18</MDI>
    </Metadata>
  </PAMRasterBand>
  <PAMRasterBand band="3">
    <Description>blue</Description>
    <Metadata>
      <MDI key="STATISTICS_APPROXIMATE">YES</MDI>
      <MDI key="STATISTICS_MINIMUM">1</MDI>
      <MDI key="STATISTICS_MAXIMUM">212</MDI>
      <MDI key="STATISTICS_MEAN">54.832185053798</MDI>
      <MDI key="STATISTICS_STDDEV">28.96690785161</MDI>
      <MDI key="STATISTICS_VALID_PERCENT">62.18</MDI>
    </Metadata>
  </PAMRasterBand>
</PAMDataset>
